PRN,Name,Lectures_Attended,Total_Lectures_Batch,Net_Attendance_Percentage,risk_category,performance_score
2501132015,Shetty Savar Satish,4,17,23.52941176470588,Critical,0.0
2501132011,Gupta Mannat Sameer,5,17,29.411764705882355,Critical,0.11111111111111116
2501132066,Dahikar Aryan Rajesh,5,17,29.411764705882355,Critical,0.11111111111111116
2501132117,Atharva Madhav Morbale,5,16,31.25,Critical,0.14583333333333337
2501132124,Kohli Bineet,5,16,31.25,Critical,0.14583333333333337
2501132129,Dhamale Saee Rajendra,5,16,31.25,Critical,0.14583333333333337
2501132059,Yashasvi Reddy Konda,6,17,35.294117647058826,Critical,0.22222222222222232
2501132002,Uttekar Paarth Hanumant,6,17,35.294117647058826,Critical,0.22222222222222232
2501132043,Kolhe Advait Sagar,6,17,35.294117647058826,Critical,0.22222222222222232
2501132126,Shreya Gupta,6,16,37.5,Critical,0.26388888888888895
2501132123,Bagwan Rehan Javed,6,16,37.5,Critical,0.26388888888888895
2501132034,Mahak Choudhary,7,17,41.17647058823529,Critical,0.33333333333333326
2501132049,Nemade Pragati Yogesh,7,17,41.17647058823529,Critical,0.33333333333333326
2501132069,Raut Yash Onkar,7,17,41.17647058823529,Critical,0.33333333333333326
2501132036,Sarvesh Tiwari,7,17,41.17647058823529,Critical,0.33333333333333326
2501132042,Gaikwad Nupur Sachin,7,17,41.17647058823529,Critical,0.33333333333333326
2501132086,Shirawale Sanskar Jeevan,7,16,43.75,Critical,0.38194444444444453
2501132111,Rishabh Parikshit Gaud,7,16,43.75,Critical,0.38194444444444453
2501132082,Devisree Chennu,7,16,43.75,Critical,0.38194444444444453
2501132114,Satwe Jui Aditya,7,16,43.75,Critical,0.38194444444444453
2501132125,Chaudhari Jidnyesh Pradip,7,16,43.75,Critical,0.38194444444444453
2501132128,Lahari Yenishetti,7,16,43.75,Critical,0.38194444444444453
2501132133,Shivam Kodag,7,16,43.75,Critical,0.38194444444444453
2501132130,Krishna Haresh Rochani,7,16,43.75,Critical,0.38194444444444453
2501132073,Tanmay Jain,8,17,47.05882352941176,Critical,0.4444444444444444
2501132053,Voditel Abir Tushar,8,17,47.05882352941176,Critical,0.4444444444444444
2501132063,Saanvi Santosh Choudhari,8,17,47.05882352941176,Critical,0.4444444444444444
2501132103,Shaik Zaina Mehak,8,16,50.0,Warning,0.5
2501132131,Kisan Babulal Choudhary,8,16,50.0,Warning,0.5
2501132083,Smriti Pramanik,8,16,50.0,Warning,0.5
2501132132,Ravi Raj,8,16,50.0,Warning,0.5
2501132044,Aarush Soni,9,17,52.94117647058824,Warning,0.5555555555555556
2501132028,Aarav Sarkar,9,17,52.94117647058824,Warning,0.5555555555555556
2501132054,Mane Mrunali Chandrakant,9,17,52.94117647058824,Warning,0.5555555555555556
2501132065,Saanvi Bhagwat,9,17,52.94117647058824,Warning,0.5555555555555556
2501132029,Chauhan Vansh Jitendra,9,17,52.94117647058824,Warning,0.5555555555555556
2501132062,Pawar Pranav Vilas,9,17,52.94117647058824,Warning,0.5555555555555556
2501132075,Patil Pournima Leeladhar,9,17,52.94117647058824,Warning,0.5555555555555556
2501132134,Soham Rajendra Bhosale,9,16,56.25,Warning,0.6180555555555556
2501132090,Bhosale Sneha Tushar,9,16,56.25,Warning,0.6180555555555556
2501132095,Patil Purva Jagdish,9,16,56.25,Warning,0.6180555555555556
2501132094,Bodke Sharvari Vishal,9,16,56.25,Warning,0.6180555555555556
2501132109,Sayeed Numair Iqbal,9,16,56.25,Warning,0.6180555555555556
2501132135,Nikam Kabeer Atul,9,16,56.25,Warning,0.6180555555555556
2501132119,Niddhika Jayesh Shinde,9,16,56.25,Warning,0.6180555555555556
2501132055,Afreen Adam Pathan,10,17,58.82352941176471,Warning,0.6666666666666667
2501132048,Thamake Ananya Satish,10,17,58.82352941176471,Warning,0.6666666666666667
2501132045,Sangle Tanvi Ashish,10,17,58.82352941176471,Warning,0.6666666666666667
2501132071,Anshi,10,17,58.82352941176471,Warning,0.6666666666666667
2501132061,Devanshi Chhikara,10,17,58.82352941176471,Warning,0.6666666666666667
2501132115,Patil Rajvardhan Devendra,10,16,62.5,Warning,0.7361111111111112
2501132097,Gavade Harshvardhan Sunil,10,16,62.5,Warning,0.7361111111111112
2501132120,Diya Mohanraj,10,16,62.5,Warning,0.7361111111111112
2501132096,Shardul Vikram,10,16,62.5,Warning,0.7361111111111112
2501132081,Deshpande Aditya Milind,10,16,62.5,Warning,0.7361111111111112
2501132033,Changma Sujaan Niharbindu,11,17,64.70588235294117,Warning,0.7777777777777777
2501132004,Satvik Anand,11,17,64.70588235294117,Warning,0.7777777777777777
2501132072,Gire Siddhesh Vandu,11,17,64.70588235294117,Warning,0.7777777777777777
2501132121,Gopale Ashutosh Ramdas,11,16,68.75,Warning,0.8541666666666667
2501132001,Patil Yoksh Laxman,12,17,70.58823529411765,Warning,0.8888888888888891
2501132076,Kulthe Chinmay Lakshmikant,12,17,70.58823529411765,Warning,0.8888888888888891
2501132003,Gupta Aastha Vijay,12,17,70.58823529411765,Warning,0.8888888888888891
